Workbook
Name blue: #REF!
Name green: #REF!
Name red: #REF!
Name reed: #REF!
Name rud: #REF!
Name terw: #REF!

Sheet Lukustus
B1: TÄHIS | C1: RUUM | D1: ASUKOHT | E1: KORRUS | F1: NIMETUS | G1: MATERJAL | H1: VIIMSTLUS (SEEST JA VÄLJAST) | I1: KOGUS | J1: AVANEMINE | K1: LAIUS | L1: KÕRGUS | M1: TULEPÜSIVUS | N1: HELIISOLATSIOON R’w+ Ctr dB | O1: EVAK.UKS | P1: INIMESTE ARV | Q1: EVAK.SULUS | R1: VABA LAIUS | S1: RIIVISTUS | T1: ATS KÄIVITUMINE | U1: LENG | V1: LEHT/ TOODE | W1: KLAAS | X1: SEES | Y1: VÄLJAS | Z1: LUKUTÜÜP | AA1: HINGED | AB1: KÄEPIDE | AC1: SULGUR | AD1: PIIRAJA | AE1: FIKSAATOR | AF1: TOOTJA | AG1: Lukk | AH1: Võtmepesa/wc | AI1: Vasturaud | AJ1: Link | AK1: Poom | AL1: Kaablikaitse | AM1: kaabel | AN1: Sulgur | AO1: Sulguri vars | AP1: Pas. riivistus | AQ1: Magnet põrandal | AR1: vars | AS1: Plaat | AT1: Plaat | AU1: Hoidemagnet | AV1: Lisatarvik | AW1: Lisatarvik | AX1: Lisatarvik
A2: saal | B2: SU-01.1P | AG2: ABEL580 | AH2: CY033UNI | AI2: LP732 | AJ2: AB4-008RST | AK2: PBE001MU | AL2: ABEA281 | AM2: ABEA210 | AN2: ASDC700MU | AO2: ASG460MU | AP2: ASA104MU | AS2: ASA120
A3: saal | B3: SU-01.1V | AG3: ABEL580 | AH3: CY033UNI | AI3: LP732 | AJ3: AB4-008RST | AK3: PBE001MU | AL3: ABEA281 | AM3: ABEA210 | AN3: ASDC700MU | AO3: ASG460MU | AP3: ASA104MU | AS3: ASA120
A4: saal | B4: SU-01.2P | AG4: ABEL580 | AH4: CY033UNI | AI4: LP732 | AJ4: AB4-008RST | AK4: PBE001MU | AL4: ABEA281 | AM4: ABEA210 | AN4: ASDC700MU | AO4: ASG460MU | AP4: ASA104MU | AS4: ASA120
A5: saal | B5: SU-01.2V | AG5: ABEL580 | AH5: CY033UNI | AI5: LP732 | AJ5: AB4-008RST | AK5: PBE001MU | AL5: ABEA281 | AM5: ABEA210 | AN5: ASDC700MU | AO5: ASG460MU | AP5: ASA104MU | AS5: ASA120
B6: SU-02.1V | AG6: Olemasolev | AQ6: UMJ | AS6: ASA120 | AU6: 2Ü03.1
B7: SU-02.2V | AG7: ABEL580 | AH7: CY033UNI | AI7: LP732 | AJ7: AB4-008RST | AK7: PBE001MU | AL7: ABEA281 | AM7: ABEA210 | AN7: ASDC700MU | AO7: ASG460MU | AP7: ASA104MU | AS7: ASA120
B8: SU-02.3V | AG8: ABEL580 | AH8: CY033UNI | AI8: LP732 | AJ8: AB4-008RST | AK8: PBE001MU | AL8: ABEA281 | AM8: ABEA210 | AN8: ASDC700MU | AO8: ASG460MU | AP8: ASA104MU | AS8: ASA120 | AT8: Olemasolev uks | AU8: 3Ü04.1
B9: SU-03V | AG9: ABLC200V | AH9: CY029UNI | AI9: LP732 | AJ9: AB4-008RST | AN9: ASDC500MU | AO9: ASG195MU | AP9: ASA104MU | AS9: ASA120
B10: SU-04.1P | AG10: ABEL580 | AH10: CY033UNI | AI10: LP732 | AJ10: AB4-008RST | AL10: ABEA281 | AM10: ABEA210 | AN10: ASDC500MU | AO10: ASG195MU | AP10: ASA104MU | AS10: ASA120
B11: SU-04.2P | AG11: ABEL580 | AH11: CY033UNI | AI11: LP732 | AJ11: AB4-008RST | AL11: ABEA281 | AM11: ABEA210 | AN11: ASDC500MU | AO11: ASG195MU | AP11: ASA104MU | AS11: ASA120
B12: SU-05V | AG12: ABLC200WC V | AH12: AB007WCLNI | AI12: LP732 | AJ12: AB4-008RST
B13: SU-06P | AG13: ABLC200WC P | AH13: AB007WCLNI | AI13: LP732 | AJ13: AB4-008RST
B14: SU-06P | AG14: ABLC200WC P | AH14: AB007WCLNI | AI14: LP732 | AJ14: AB4-008RST
B15: SU-06P | AG15: ABLC200WC P | AH15: AB007WCLNI | AI15: LP732 | AJ15: AB4-008RST
B16: SU-06V | AG16: ABLC200WC V | AH16: AB007WCLNI | AI16: LP732 | AJ16: AB4-008RST
B17: SU-06V | AG17: ABLC200WC V | AH17: AB007WCLNI | AI17: LP732 | AJ17: AB4-008RST
B18: SU-06V | AG18: ABLC200WC V | AH18: AB007WCLNI | AI18: LP732 | AJ18: AB4-008RST
B19: SU-07V | AG19: ABEL580 | AH19: CY033UNI | AI19: LP732 | AJ19: AB4-008RST | AL19: ABEA281 | AM19: ABEA210
B20: SU-08V | AG20: ABEL580 | AH20: CY033UNI | AI20: LP732 | AJ20: AB4-008RST | AL20: ABEA281 | AM20: ABEA210 | AN20: ASDC700MU | AO20: ASG460MU | AP20: ASA104MU | AS20: ASA120
B21: SU-09P | AG21: ABEL580 | AH21: CY033UNI | AI21: LP732 | AJ21: AB4-008RST | AL21: ABEA281 | AM21: ABEA210 | AN21: ASDC700MU | AO21: ASG460MU | AP21: ASA104MU | AS21: ASA120
B22: SU-10.1P | AG22: ABEL580 | AH22: CY033UNI | AI22: LP732 | AJ22: AB4-008RST | AL22: ABEA281 | AM22: ABEA210 | AN22: ASDC700MU | AO22: ASG195MU | AP22: ASA104MU | AQ22: ASA153+ASA152 | AS22: ASA120
B23: SU-10.2P | AG23: ABEL580 | AH23: CY033UNI | AI23: LP732 | AJ23: AB4-008RST | AL23: ABEA281 | AM23: ABEA210 | AN23: ASDC700MU | AO23: ASG195MU | AP23: ASA104MU | AQ23: ASA153+ASA152 | AS23: ASA120
B24: SU-10.3V | AG24: ABEL580 | AH24: CY033UNI | AI24: LP732 | AJ24: AB4-008RST | AL24: ABEA281 | AM24: ABEA210 | AN24: ASDC700MU | AO24: ASG195MU | AP24: ASA104MU | AS24: ASA120
B25: SU-10.3V | AG25: ABEL580 | AH25: CY033UNI | AI25: LP732 | AJ25: AB4-008RST | AL25: ABEA281 | AM25: ABEA210 | AN25: ASDC700MU | AO25: ASG195MU | AP25: ASA104MU | AS25: ASA120
B26: SU-11P | AG26: ABLC200P | AH26: CY028UNI | AI26: LP732 | AJ26: AB4-008RST
B27: SU-12 | AG27: ABEL580 | AH27: CY033UNI | AI27: LP732 | AJ27: AB4-008RST | AL27: ABEA281 | AM27: ABEA210

Sheet Sheet1
A1: ABEL580 | B1: =COUNTIF(Lukustus!AG:AS,Sheet1!A1) -> 16
A2: Olemasolev | B2: =COUNTIF(Lukustus!AG:AS,Sheet1!A2) -> 1
A3: ABLC200V | B3: =COUNTIF(Lukustus!AG:AS,Sheet1!A3) -> 1
A4: ABLC200WC V | B4: =COUNTIF(Lukustus!AG:AS,Sheet1!A4) -> 4
A5: ABLC200WC P | B5: =COUNTIF(Lukustus!AG:AS,Sheet1!A5) -> 3
A6: ABLC200P | B6: =COUNTIF(Lukustus!AG:AS,Sheet1!A6) -> 1
A7: CY033UNI | B7: =COUNTIF(Lukustus!AG:AS,Sheet1!A7) -> 16
B8: =COUNTIF(Lukustus!AG:AS,Sheet1!A8) -> 0
A9: CY029UNI | B9: =COUNTIF(Lukustus!AG:AS,Sheet1!A9) -> 1
A10: AB007WCLNI | B10: =COUNTIF(Lukustus!AG:AS,Sheet1!A10) -> 7
A11: CY028UNI | B11: =COUNTIF(Lukustus!AG:AS,Sheet1!A11) -> 1
A12: LP732 | B12: =COUNTIF(Lukustus!AG:AS,Sheet1!A12) -> 25
A13: AB4-008RST | B13: =COUNTIF(Lukustus!AG:AS,Sheet1!A13) -> 25
A14: PBE001MU | B14: =COUNTIF(Lukustus!AG:AS,Sheet1!A14) -> 6
A15: ABEA281 | B15: =COUNTIF(Lukustus!AG:AS,Sheet1!A15) -> 16
A16: ABEA210 | B16: =COUNTIF(Lukustus!AG:AS,Sheet1!A16) -> 16
A17: ASDC700MU | B17: =COUNTIF(Lukustus!AG:AS,Sheet1!A17) -> 12
A18: ASDC500MU | B18: =COUNTIF(Lukustus!AG:AS,Sheet1!A18) -> 3
A19: ASG460MU | B19: =COUNTIF(Lukustus!AG:AS,Sheet1!A19) -> 8
A20: ASG195MU | B20: =COUNTIF(Lukustus!AG:AS,Sheet1!A20) -> 7
... A24: ASA120 | B24: =COUNTIF(Lukustus!AG:AS,Sheet1!A24) -> 16
